INSERT INTO ADDRESS(ID, POSTCODE, CITY, STREET, HOUSE, APARTMENT)
VALUES (1, '100100', 'Москва', 'пр-кт Мира', '28к1', '50'),
       (2, '999999', 'Сочи', 'Некрасова', '11к3', '17'),
       (3, '111111', 'Санкт-Петербург', 'Новая', '12', '1'),
       (4, '333333', 'Екатеринбург', 'Сосновая', '233а', '43'),
       (5, '444444', 'Новосибирск', 'пр-кт Вернадского', '2', '6'),
       (6, '555555', 'Уфа', 'Солнцева', '100а', '543'),
       (7, '666666', 'Тула', 'Пушкина', '32в', '87'),
       (8, '888888', 'Геленджик', 'Гоголя', '54б', '45'),
       (9, '123456', 'Томск', 'Строителя', '8', '12'),
       (10, '654321', 'Норильск', 'пр-кт Ленина', '34', '78'),
       (11, '717171', 'Казань', 'Волжская', '5а', '435'),
       (12, '123456', 'Саратов', 'Красная', '432', '23'),
       (13, '123456', 'Владивосток', 'Московская', '465', '98'),
       (14, '989898', 'Иркутск', 'Мира', '21', '60'),
       (15, '878787', 'Омск', 'Кирова', '8б', '34'),
       (16, '767676', 'Норильск', 'Гоголя', '5а', '72'),
       (17, '655432', 'Сызрань', 'Старая', '43', '46'),
       (18, '567890', 'Пермь', 'Плеханова', '67а', '8'),
       (19, '324324', 'Москва', 'шоссе Энтузиастов', '89', '47'),
       (20, '546546', 'Иваново', 'Партизанская', '19в', '91'),
       (21, '123124', 'Самара', 'Домодедовская', '83', '56'),
       (22, '213788', 'Волгоград', 'Автозаводская', '38', '43'),
       (23, '754533', 'Краснодар', 'Третьяковская', '20', '135'),
       (24, '213436', 'Геленджик', 'Добрынинская', '894', '23'),
       (25, '987450', 'Тула', 'Площадь революци', '46', '76'),
       (26, '034423', 'Ростов-на-Дону', 'Степная', '845а', '39'),
       (27, '435340', 'Санкт-Петербург', 'Ореховская', '76б', '28');

INSERT INTO COMPANY(ID, NAME, LEGAL_FORM, REGISTRATION_DATE, ADDRESS_ID)
VALUES (1, 'Божья коровка', 0, '2008-7-04', 1),
       (2, 'Ромашка', 1, '2022-10-15', 3),
       (3, 'Морская звезда', 0, '1999-1-08', 5),
       (4, 'Сокол', 2, '2017-12-29', 6),
       (5, 'Кола', 1, '2009-3-03', 7),
       (6, 'Дед Мороз', 1, '1985-6-19', 8),
       (7, 'Волчья стая', 2, '2001-10-26', 9),
       (8, 'Яндекс', 0, '2005-07-08', 12),
       (9, 'Пепси', 2, '1999-07-16', 10),
       (10, 'Лэйс', 0, '2014-12-29', 11);

INSERT INTO BRANCH(ID, NAME, REGISTRATION_DATE, ADDRESS_ID, COMPANY_ID)
VALUES (1, 'Приморский', '2012-11-23', 2, 1),
       (2, 'Уральский', '2023-1-08', 4, 2),
       (3, 'Южный', '2018-6-14', 10, 4),
       (4, 'Центральный', '2002-12-21', 11, 7),
       (5, 'Новый', '1998-03-01', 13, 8),
       (6, 'Старый', '2018-11-25', 14, 8),
       (7, 'Роза', '2003-04-18', 15, 10),
       (8, 'Космос', '2017-03-07', 16, 10),
       (9, 'Тюльпан', '2001-08-13', 17, 10),
       (10, 'Ледокол', '2005-02-21', 18, 10),
       (11, 'Нефть', '2011-06-06', 19, 3),
       (12, 'Газ', '1896-12-11', 20, 5),
       (13, 'Космос', '2023-02-18', 21, 5),
       (14, 'Питерский', '1806-03-30', 22, 9),
       (15, 'Самарский', '1906-09-08', 23, 8),
       (16, 'Морской', '2009-04-24', 24, 8),
       (17, 'Тихоокеанский', '1999-11-09', 25, 8);